S.no.,Name of State,Name of District,Current Annual Ground Water Extraction For Irrigation,Current Annual Ground Water Extraction For Domestic & Industrial Use,Total Current Annual Ground Water Extraction,Annual GW Allocation for Domestic Use as on 2025,Net Ground Water Availability for future use,Stage of Ground Water Extraction (%),
1,ANDHRA PRADESH,Anantapur,142953.85,14884.94,157838.79,21623.75,59410.09,88.96,
2,ANDHRA PRADESH,Chittoor,95256.5,9597.29,104853.79,13528.83,80858.36,58.92,
3,ANDHRA PRADESH,East Godavari,41688.32,9418.15,51106.47,4226.85,193656.03,21.17,
4,ANDHRA PRADESH,Guntur,39174.72,8942.35,48117.07,14159.1,79051.91,38.57,
5,ANDHRA PRADESH,Kadapa,74888.06,4974.42,79862.47,6110.25,56568.63,68.68,
6,ANDHRA PRADESH,Krishna,47223.03,9772.8,56995.83,7402.78,98790.07,36.87,
7,ANDHRA PRADESH,Kurnool,53291.48,11008.68,64300.17,16377.9,94278.99,41.81,
8,ANDHRA PRADESH,Nellore,90301.92,6408.13,96710.05,11024.36,159531.34,37.93,
9,ANDHRA PRADESH,Prakasam,54372.39,10257.26,64629.64,17557.06,94941.54,42.79,
10,ANDHRA PRADESH,Srikakulam,40762.37,8747.99,49510.36,17007.28,63919.93,48.22,
11,ANDHRA PRADESH,Visakhapatnam,12608.08,6496.48,19104.57,7980.54,59560.86,24.59,
12,ANDHRA PRADESH,Vizianagaram,20595.54,511.42,21106.97,4922,77587.51,21.07,
13,ANDHRA PRADESH,West Godavari,71924.15,3642.89,75567.04,6028.8,113241.04,41.4,
14,ARUNACHAL PRADESH,Anjaw,NA,0,NA,NA,NA,NA,
15,ARUNACHAL PRADESH,Changlang,0,174,174,571.87,23350.98,0.73,
16,ARUNACHAL PRADESH,Dibang Valley,NA,0,NA,NA,NA,NA,
17,ARUNACHAL PRADESH,East Kameng,0,25,25,169.06,8766.2,0.28,
18,ARUNACHAL PRADESH,East Siang,0,65,65,176.16,68855.68,0.09,
19,ARUNACHAL PRADESH,Kurung Kumey,NA,0,NA,NA,NA,NA,
20,ARUNACHAL PRADESH,Lohit,0,218.48,218.48,666,78900.96,0.27,
21,ARUNACHAL PRADESH,Lower Dibang Valley,0,32,32,62.4,54973.98,0.06,
22,ARUNACHAL PRADESH,Lower Subansiri,0,18,18,105.2,2550.48,0.68,
23,ARUNACHAL PRADESH,Papum Pare,0,99.4,99.4,492.34,9239.72,1.02,
24,ARUNACHAL PRADESH,Tawang,NA,0,NA,NA,NA,NA,
25,ARUNACHAL PRADESH,Tirap,0,63,63,135.25,7360.23,0.84,
26,ARUNACHAL PRADESH,Upper Siang,NA,0,NA,NA,NA,NA,
27,ARUNACHAL PRADESH,Upper Subansiri,0,16,16,107.25,844.74,1.68,
28,ARUNACHAL PRADESH,West Kameng,0,11.72,11.72,30.26,3535.72,0.33,
29,ARUNACHAL PRADESH,West Siang,0,21.9,21.9,43.72,5715.34,0.38,
30,ASSAM,Baksa,2548.56,2558.8,5107.36,2970.09,101465.32,4.77,
31,ASSAM,Barpeta,24276,4407.4,28683.4,5158.32,109421.07,20.66,
32,ASSAM,Bongaigaon,10024.56,1996.55,12021.11,2286.71,46236.65,20.52,
33,ASSAM,Cachar,0,4628.94,4628.94,5262.84,50985.94,8.21,
34,ASSAM,Chirang,1522.08,1170.95,2693.03,1279.67,84031.49,3.1,
35,ASSAM,Darrang,15469.44,2365.16,17834.6,2703.49,36839.32,32.38,
36,ASSAM,Dhemaji,1631.28,1618.94,3250.22,1851.97,181874.23,1.75,
37,ASSAM,Dhubri,23570.4,4715.35,28285.75,5648.33,86172.85,24.51,
38,ASSAM,Dibrugarh,4890.48,3462.75,8353.23,3571.33,140417.47,5.6,
39,ASSAM,Dima Hasao,337.68,494.7,832.38,543.87,3123.19,20.75,
40,ASSAM,Goalpara,9866.64,2292.6,12159.24,2703.66,71307.97,14.49,
41,ASSAM,Golaghat,3677.52,1980.97,5658.49,2067.86,97757.82,5.46,
42,ASSAM,Hailakandi,5.04,1020.45,1025.49,1019.71,19586.39,4.94,
43,ASSAM,Jorhat,4215.12,2279.33,6494.45,2398.33,79116.95,7.57,
44,ASSAM,Kamrup,20144.88,3966.07,24110.95,3892.27,55258.35,30.21,
45,ASSAM,Kamrup Metro (Rural),1537.2,1544.84,3082.04,324.25,19209.27,13.8,
46,ASSAM,Kamrup Metro (U),0,2982.74,2982.74,1782.24,3572.7,45.34,
47,ASSAM,Karbi Anglong,342.72,1062.26,1404.98,957.57,27920.37,4.77,
48,ASSAM,Karimganj,80.64,1255.29,1335.93,1454.08,46295.22,2.79,
49,ASSAM,Kokrajhar,5913.6,622.33,6535.93,649.54,191036.05,3.31,
50,ASSAM,Lakhimpur,3044.16,2461.34,5505.5,2763.82,107715.92,4.85,
51,ASSAM,Morigaon,10777.2,2529.02,13306.22,2972.72,29897.9,30.47,
52,ASSAM,Nagaon,26891.76,7528.91,34420.67,8626.62,89105.22,27.57,
53,ASSAM,Nalbari,7153.44,1561.72,8715.16,1704.8,25045.54,25.7,
54,ASSAM,Sivasagar,2437.68,2973.66,5411.34,3064.83,49606.31,9.8,
55,ASSAM,Sonitpur,8611.68,6021.04,14632.72,5699.88,172455.05,7.79,
56,ASSAM,Tinsukia,4033.68,3556.21,7589.89,3829.26,160285.02,4.51,
57,ASSAM,Udalguri,4467.12,2279.87,6746.99,2065.36,57236.98,10.52,
58,BIHAR,Araria,11922.9,6109.18,18032.08,5183.95,73848.23,19.63,
59,BIHAR,Arwal,6339.79,1833.44,8173.23,1425.81,13022.22,38.56,
60,BIHAR,Aurangabad,20499.58,5720.93,26220.51,4426.7,72357.9,26.6,
61,BIHAR,Banka,11808.54,4386.66,16195.2,3584.41,30658.22,34.58,
62,BIHAR,Begusarai,26045.4,7604.38,33649.78,5862.49,30677.92,52.31,
63,BIHAR,Bhabhua,25513.2,4323.31,29836.51,2893.2,60064.77,33.19,
64,BIHAR,Bhagalpur,13838,5529.83,19367.83,4480.55,51123.98,27.48,
65,BIHAR,Bhojpur,40226.48,7199.1,47425.58,4871.23,37317.37,55.96,
66,BIHAR,Buxar,26289,4253.28,30542.28,2781.88,28706.97,51.55,
67,BIHAR,Darbhanga,20754.3,9312.23,30066.53,7743.63,57915.45,34.17,
68,BIHAR,East Champaran,44138.44,11855.79,55994.23,9087.7,77714.64,41.88,
69,BIHAR,Gaya,59207.33,11697.34,70904.67,8130.99,38745.06,65.75,
70,BIHAR,Gopalganj,52663.2,7420.54,60083.74,4520.71,23024.45,73.43,
71,BIHAR,Jamui,8131.51,3674.51,11806.02,3074.42,25145.36,31.95,
72,BIHAR,Jehanabad,27537.99,3438.59,30976.58,1940.81,2280.46,95.71,
73,BIHAR,Katihar,55644.33,8177.77,63822.1,5102.41,36331.5,63.72,
74,BIHAR,Khagaria,18258.48,3935.18,22193.66,2860.13,46434.23,32.34,
75,BIHAR,Kishanganj,11648.7,3715.82,15364.52,2947.46,55688.2,21.62,
76,BIHAR,Lakhisarai,6478.48,2168.43,8646.91,1729.15,20659,29.86,
77,BIHAR,Madhepura,29938.95,5298.5,35237.45,3586.48,25234.8,58.27,
78,BIHAR,Madhubani,29360.7,9527.88,38888.58,7632.42,67029.18,36.72,
79,BIHAR,Munger,8305.8,2994.2,11300,2401.24,22988.52,33.05,
80,BIHAR,Muzaffarpur,62215.71,12168.96,74384.67,8517.04,36390.05,67.55,
81,BIHAR,Nalanda,47302.64,7943.75,55246.39,5217.06,25190.6,68.84,
82,BIHAR,Nawada,26098.05,4666.67,30764.72,3150.74,27342.98,52.94,
83,BIHAR,Patna,42572.72,13373.5,55946.22,10340.92,37411.34,60.06,
84,BIHAR,Purnia,52635.73,8493.22,61128.95,5527.68,49581.82,55.21,
85,BIHAR,Rohtas,19053.39,6597.77,25651.16,5296.95,79936.95,24.29,
86,BIHAR,Saharsa,16507.2,4100.48,20607.68,3103.05,29888.01,40.81,
87,BIHAR,Samastipur,49445.7,10094.13,59539.83,7225.88,66457.14,47.25,
88,BIHAR,Saran,42716.7,9481.13,52197.83,6929.46,29757.9,63.69,
89,BIHAR,Sheihkpura,6720.9,1609.62,8330.52,1188.88,13388.26,38.36,
90,BIHAR,Sheohar,6048,1544.74,7592.74,1172.87,5509.43,57.95,
91,BIHAR,Sitamarhi,22680.86,7349.44,30030.3,5876.09,35392.79,45.9,
92,BIHAR,Siwan,42117.26,8036.56,50153.82,5617.81,38134.89,56.81,
93,BIHAR,Supaul,25006.95,5253.79,30260.74,3790.76,55431.73,35.31,
94,BIHAR,Vaishali,35099.18,8458.45,43557.63,6338.43,26764.35,62.28,
95,BIHAR,West Champaran,27144.2,9152.99,36297.19,7359.06,124698.75,22.55,
96,CHATTISGARH,Balod,18571.03,2238.51,20809.54,2290.93,11090.46,64.79,
97,CHATTISGARH,Baloda Bazar,17672.41,4141.52,21813.93,5427.57,31348.53,40.06,
98,CHATTISGARH,Balrampur,14188.27,1825.95,16014.22,2110.62,34968.13,31.24,
99,CHATTISGARH,Bastar,5618.18,2116.04,7734.22,2347.48,21621.62,26.1,
100,CHATTISGARH,Bemetara,28286.77,2028.02,30314.79,2533.94,7969.48,78.06,
101,CHATTISGARH,Bijapur,1874.06,620.63,2494.7,689.28,32938.55,7.03,
102,CHATTISGARH,Bilaspur,17798.32,6119.32,23917.64,7028.27,20327.51,52.36,
103,CHATTISGARH,Dantewara,2138.23,694.31,2832.54,758.4,17019.83,14.22,
104,CHATTISGARH,Dhamtari,22854.81,2038.64,24893.45,2139.5,13945.24,63.78,
105,CHATTISGARH,Durg,17603.39,5465.05,23068.44,5023.17,5250.29,82.55,
106,CHATTISGARH,Gariaband,14842.44,1511.78,16354.22,1761.03,14757.02,52.14,
107,CHATTISGARH,Janjgir-Champa,14528.66,4395.31,18923.97,4892.86,20425.23,47.23,
108,CHATTISGARH,Jashpur,11849.74,2095.23,13944.96,2271.17,21515.61,39.09,
109,CHATTISGARH,Kanker,19918.75,1851.17,21769.92,2086.98,44291.49,32.84,
110,CHATTISGARH,Kawardha,25294.34,2223.17,27517.51,2633.37,15076.45,63.92,
111,CHATTISGARH,Kondagaon,11238.13,1428.63,12666.76,1610.41,19732.7,38.88,
112,CHATTISGARH,Korba,8159.85,4379.07,12538.91,3710.71,21923.8,35.85,
113,CHATTISGARH,Koriya,7799.24,1659.71,9458.95,1783.71,36178.96,20.66,
114,CHATTISGARH,Mahasamund,33144.4,2621.26,35765.66,2964.64,23990.11,59.48,
115,CHATTISGARH,Mungeli,6591.88,1629.55,8221.43,2415.75,6117.5,54.35,
116,CHATTISGARH,Narayanpur,643.2,343.97,987.17,383.57,24227.42,3.91,
117,CHATTISGARH,Raigarh,16093.58,4198.77,20292.35,4318.72,20327.56,49.29,
118,CHATTISGARH,Raipur,17410.21,6839.51,24249.72,7555.95,13657.07,62.64,
119,CHATTISGARH,Rajnandgaon,32625,4304.56,36929.55,5171.94,26039.09,57.75,
120,CHATTISGARH,Sukma,890.28,587.34,1477.62,627.3,27606.61,5.07,
121,CHATTISGARH,Surajpur,18359.7,1957.13,20316.82,2221.79,16979.21,54.08,
122,CHATTISGARH,Surguja,12120.05,2098.38,14218.42,2364.64,27047.9,34.23,
123,DELHI,Central Delhi,189.51,1731.5,1921.01,1984.84,292.4,80.84,
124,DELHI,East Delhi,690,811.5,1501.5,817.63,4.34,108.45,
125,DELHI,New Delhi,955.13,4172.89,5128.02,4046.05,0,159.42,
126,DELHI,North Delhi,1868.23,5792.21,7660.44,6729.57,913.93,84,
127,DELHI,North East Delhi,329.01,821.38,1150.39,964.82,0,117.66,
128,DELHI,North West Delhi,711.59,2048.86,2760.45,2245.11,978.15,69.65,
129,DELHI,Shahdara,57.36,884.24,941.6,930.15,0,166.99,
130,DELHI,South Delhi,466.71,4137.8,4604.51,4115.11,0,254.87,
131,DELHI,South East Delhi,1426.64,1852.46,3279.1,2043.82,0,209.54,
132,DELHI,South West Delhi,2075.54,2407.11,4482.64,2481.72,0,209.25,
133,DELHI,West Delhi,283.79,1876.84,2160.63,2049.22,8,90.03,
134,DELHI,Non Revenue Unit,0,400,400,472.35,102.61,69.57,
135,GOA,North Goa,1009.71,1847.14,2856.85,2037.45,4728.36,29.69,
136,GOA,South Goa,1048.14,1466.37,2514.51,1631.79,2264.45,39.22,
137,GUJARAT,Ahmedabad,35902.2,3671.97,39574.17,3974,14527.39,72.01,
138,GUJARAT,Amreli,70915.6,2344.18,73259.78,2600,45969.04,61.13,
139,GUJARAT,Anand,24645.9,3410.7,28056.6,3774,35455.75,43.57,
140,GUJARAT,Arvalli,34789.5,1699.62,36489.12,1935,26582.93,57.41,
141,GUJARAT,Banaskantha,153015.9,4476.37,157492.27,4842,11310.77,112.34,
142,GUJARAT,Bharuch,15136.7,1738.53,16875.23,2813,32579.11,33.23,
143,GUJARAT,Bhavnagar,43098.3,3253.53,46351.83,4659,29617.87,59.53,
144,GUJARAT,Botad,21385.1,995.31,22380.41,1237,12825.8,62.87,
145,GUJARAT,Chhota udepur,14573.4,1688.53,16261.93,1991,17027.47,48.05,
146,GUJARAT,Dahod,14643.2,3429,18072.2,4232,20020.5,45.86,
147,GUJARAT,Dang,610,386.8,996.8,455,7021.77,12.24,
148,GUJARAT,Devbhumi Dwarka,17533.8,1061.71,18595.51,1370,9858.42,64.3,
149,GUJARAT,Gandhinagar,51114,2263.7,53377.7,2498,0,113.55,
150,GUJARAT,Gir Somnath,28808.8,1314.78,30123.58,3512,16652.61,61.26,
151,GUJARAT,Jamnagar,45686.9,1970.47,47657.37,2561,26775.88,63.27,
152,GUJARAT,Junagadh,61232.55,2334.31,63566.86,2733,34628.52,64.25,
153,GUJARAT,Kachchh,68013.5,2235.48,70248.98,3918,13896.67,83.87,
154,GUJARAT,Kheda,29286.4,3270.14,32556.54,3714,33177.03,48.83,
155,GUJARAT,Mahesana,122279.1,3117.39,125396.49,3383,900.7,114.84,
156,GUJARAT,Mahisagar,11979.5,1651.7,13631.2,1879,21086.45,38.73,
157,GUJARAT,Morbi,32588.8,1135.66,33724.46,1713,21193.49,60.58,
158,GUJARAT,Narmada,3660.7,971.07,4631.77,1092,19020.22,19.37,
159,GUJARAT,Navsari,18422.5,2121.3,20543.8,2272,36211.93,35.9,
160,GUJARAT,Panchmahal,11934.5,2742.92,14677.42,3148,24660.59,36.55,
161,GUJARAT,Patan,37697.5,869.13,38566.63,968,611.05,100.8,
162,GUJARAT,Porbandar,14175,563.14,14738.14,1013,5413.36,71.33,
163,GUJARAT,Rajkot,93071.3,2884.45,95955.75,3444,51777.66,64.52,
164,GUJARAT,Sabarkantha,57122.9,2332.41,59455.31,2655,24752.79,70.05,
165,GUJARAT,Surat,28865.2,3976,32841.2,4572,86042.67,27.35,
166,GUJARAT,Surendranagar,38159,1417.4,39576.4,2808,26968.04,58.07,
167,GUJARAT,Tapi,16672.9,1313.24,17986.14,1449,23641.66,42.86,
168,GUJARAT,Vadodara,52570,3506.76,56076.76,2530,41215.16,57.91,
169,GUJARAT,Valsad,14504.4,3481.62,17986.02,4491,26223.54,39.32,
170,HARYANA,Ambala,36060.44,15075,51135.44,10110,7487.45,100.55,
171,HARYANA,Bhiwani,45012,2705,47717,2796,3604.59,117.01,
172,HARYANA,Charki Dadri,25307,1368.2,26675.2,1398,2274.5,159.61,
173,HARYANA,Faridabad,12691,5860,18551,1995,0,125.86,
174,HARYANA,Fatehabad,92158,806,92964,1253,123.84,161.43,
175,HARYANA,Gurugram,21920,20202,42122,4676,0,220.8,
176,HARYANA,Hisar,65218,1052,66270,974,7248.29,103.63,
177,HARYANA,Jhajjar,20620,552,21172,701,12892.03,61.74,
178,HARYANA,Jind,99849,2188,102037,2804,6927.32,129.63,
179,HARYANA,Kaithal,101969,2806,104775,2319,0,227.88,
180,HARYANA,Karnal,113464,5232,118696,3264,2463,169.91,
181,HARYANA,Kurukshetra,66729,6279,73008,3145,0,243.99,
182,HARYANA,Mahendragarh,23266,3033,26299,3496,6124,93.82,
183,HARYANA,Mewat,17595,1130,18725,1759,2746,99.81,
184,HARYANA,Palwal,47822,2320,50142,2167,0,106.96,
185,HARYANA,Panchkula,7199,1116,8315,1038,3909,68.03,
186,HARYANA,Panipat,54100,1972,56072,1904,0,187.78,
187,HARYANA,Rewari,29559,5520,35079,5507,5597,91.28,
188,HARYANA,Rohtak,18495,560,19055,2407,12624.89,56.76,
189,HARYANA,Sirsa,128027,856,128883,1775,0,197.6,
190,HARYANA,Sonipat,63622,3232,66854,3203,11710,96.15,
191,HARYANA,Yamunanagar,62427,13065,75492,12975,1636,157.01,
192,HIMACHAL,Indora,6228.99,6994.67,13223.66,6994.67,481.54,125.05,
193,HIMACHAL,Nurpur,2474.22,1594.01,4068.23,2464,7150.58,35.42,
194,HIMACHAL,Balh,262.42,627.41,889.83,627.41,4709.11,35.88,
195,HIMACHAL,Paonta,486.65,837.3,1323.95,4758.6,1143.51,22.3,
196,HIMACHAL,Kala Amb,60.61,351,411.61,10194.8,0,385.11,
197,HIMACHAL,Nalagarh,2509.96,6005.11,8515.07,6005.11,389.8,116.58,
198,HIMACHAL,Una,7885.88,2594.23,10480.11,2594.3,2569.71,147.59,
199,HIMACHAL,Hum,326.09,73.38,399.47,326.09,0,75.5,
200,J&K,Anantnag,420.8,3664.44,4085.24,3626.64,17803.5,18.66,
201,J&K,Kulgam,147.28,1679.54,1826.82,1650.38,3603.74,33.64,
202,J&K,Pulwama,252.29,3210.77,3463.06,3195.65,9562.27,26.59,
203,J&K,Shopian,100.8,1363.04,1463.84,1336.04,3559.3,29.14,
204,J&K,Srinagar,662.26,3258.72,3920.98,3122.06,8323.4,32.02,
205,J&K,Ganderbal,420.48,357.24,777.72,336.38,2392.63,24.53,
206,J&K,Budgam,662.26,4115.48,4777.74,4036.61,11536.94,29.28,
207,J&K,Baramulla,2112.91,6845.76,8958.67,5918.26,21295.68,29.61,
208,J&K,Bandipora,367.92,1737.91,2105.83,1671.41,2081.58,50.29,
209,J&K,Kupwara,388.94,3167.58,3556.52,3132.58,12274.75,22.47,
210,J&K,Leh,89.86,1608.01,1697.87,1587.31,7402.45,18.66,
211,J&K,Kargil,24.19,62.89,87.08,58.75,544.97,13.78,
212,J&K,Jammu,8201.16,11941.63,20142.79,9513.36,43745.98,31.53,
213,J&K,Samba,1419.12,1692.41,3111.53,1566.29,7274.27,29.96,
214,J&K,Udhampur,336.38,1160.9,1497.29,1019.66,2361.09,38.81,
215,J&K,Reasi,178.7,546.62,725.33,494.06,444.02,62.03,
216,J&K,Kathua,2611.47,6370.27,8981.74,5350.61,19574.96,31.45,
217,J&K,Doda,105.12,574.74,679.86,557.14,1504.39,31.13,
218,J&K,Kishtwar,31.5,147.17,178.67,147.17,1525.56,10.48,
219,J&K,Ramban,31.5,112,143.5,94.5,1125.36,11.31,
220,J&K,Rajouri,304.5,1121.26,1425.76,1103.76,2004.98,41.56,
221,J&K,Poonch,717.5,1349,2066.5,17.5,4491.57,31.51,
222,JHARKHAND,Bokaro,2200.25,9804.63,12004.88,6031.6,13516.96,48.79,
223,JHARKHAND,Chatra,5917,2414.5,8331.5,1705.99,19254.81,30.2,
224,JHARKHAND,Deoghar,4859.63,2255.88,7115.5,2055.95,9726.51,42.25,
225,JHARKHAND,Dhanbad,2414.5,13885.65,16300.15,3784.78,5732.1,76.3,
226,JHARKHAND,Dumka,3690.75,2212.4,5903.15,2195.08,18432.14,24.26,
227,JHARKHAND,East Singhbhum,1301,3274.78,4575.78,2731.07,18415.65,19.9,
228,JHARKHAND,Garhwa,5157.63,2121.29,7278.91,2117.91,21338.55,25.44,
229,JHARKHAND,Giridih,6578.63,5008.87,11587.5,4254.41,31898,26.65,
230,JHARKHAND,Godda,1698.5,2482.25,4180.75,2171.27,15895.62,20.82,
231,JHARKHAND,Gumla,3589.5,1686.42,5275.92,1677.75,39019.42,11.91,
232,JHARKHAND,Hazaribagh,7238.25,3866.91,11105.16,3178.68,20474.48,35.17,
233,JHARKHAND,Jamtara,2060.25,1229.08,3289.33,1225.01,7327.51,30.98,
234,JHARKHAND,Khunti,2265,866.58,3131.58,859.74,10408.55,23.13,
235,JHARKHAND,Koderma,1947.38,1138.88,3086.26,1119.92,4962.08,38.35,
236,JHARKHAND,Latehar,4948.5,1382.29,6330.79,1264.98,15412.35,29.12,
237,JHARKHAND,Lohardaga,1793.5,673.87,2467.37,673.91,15496.54,13.74,
238,JHARKHAND,Pakur,1131.5,1530.68,2662.18,1509.9,10681.62,19.95,
239,JHARKHAND,Palamau,6210,3427.12,9637.12,3280.41,23968.77,28.68,
240,JHARKHAND,Ramgarh,1405.25,5887.73,7292.98,2741,3047.21,70.53,
241,JHARKHAND,Ranchi,7897.88,5045.2,12943.07,3574.3,25878.83,33.34,
242,JHARKHAND,Sahebganj,1147,2463.17,3610.17,2422.66,17894.72,16.79,
243,JHARKHAND,Saraikela - Kharsawan,739.5,1934.62,2674.12,1738.16,10879.01,19.73,
244,JHARKHAND,Simdega,1807,927.59,2734.59,927.65,27253.91,9.12,
245,JHARKHAND,West Singhbhum,1527.5,2727.03,4254.53,2657.34,25885.13,14.12,
246,KARNATAKA,Bagalkote,43221.71,3190.55,46412.27,3939.92,8581.31,94.52,
247,KARNATAKA,Ballari,27270.44,2925.91,30196.35,3932.84,25555.72,53.7,
248,KARNATAKA,Belagavi,57186.82,8116.67,65303.5,10408.98,22234.42,76.11,
249,KARNATAKA,Bengaluru Rural,23137.08,1419.4,24556.48,1425.05,0,123.27,
250,KARNATAKA,Bengaluru Urban,16997.34,1360.2,18357.55,1360.2,0,143.81,
251,KARNATAKA,Bidar,14144.38,1147.42,15291.8,1238.36,20729.31,42.35,
252,KARNATAKA,Chamrajnagara,29633.13,2467.16,32100.29,3414.34,7761.34,82.67,
253,KARNATAKA,Chikballapur,50906.69,3048.64,53955.34,3070.45,0,164.11,
254,KARNATAKA,Chikkamagaluru,26667.19,2348.65,29015.84,2601.71,29623.61,50.54,
255,KARNATAKA,Chitradurga,47969.25,4197.82,52167.07,4371.99,3971.29,115.03,
256,KARNATAKA,Dakshin Kannada,16068.17,2542.83,18611.01,2722.64,10941.01,62.6,
257,KARNATAKA,Davangere,58179.35,3244.98,61424.33,3867.82,8358.28,92.98,
258,KARNATAKA,Dharwad,11596.84,1097.57,12694.41,1584.83,7514.91,61.34,
259,KARNATAKA,Gadag,22175.82,1685.03,23860.85,2006.36,3397.35,90.4,
260,KARNATAKA,Hassan,42034.71,3197.52,45232.23,3809.85,27053.42,63.38,
261,KARNATAKA,Haveri,29402.17,2275.61,31677.78,2848.98,23491.5,56.83,
262,KARNATAKA,Kalaburagi,16805.85,3773.44,20579.29,4198.17,29764.7,40.54,
263,KARNATAKA,Kodagu,8829.55,1679.76,10509.3,2156.62,20349.54,33.54,
264,KARNATAKA,Kolar,78747.74,4793.06,83540.8,4793.06,0,211.29,
265,KARNATAKA,Koppal,29268,1850.02,31118.02,2342.43,23369.8,56.6,
266,KARNATAKA,Mandya,46594.47,2415.29,49009.75,4201.14,31873.82,59.28,
267,KARNATAKA,Mysuru,26747.49,10747.82,37495.31,13184.79,33191.34,51.28,
268,KARNATAKA,Raichur,27692.29,3025.89,30718.17,4779.57,37490.74,43.91,
269,KARNATAKA,Ramanagara,26876.22,1791.87,28668.09,1913.45,1384.74,96.56,
270,KARNATAKA,Shivamogga,27770.39,3033.88,30804.28,3693.71,56481.55,35.03,
271,KARNATAKA,Tumakuru,59684.29,5163.3,64847.59,5567.43,12049.52,90.66,
272,KARNATAKA,Udupi,9441.83,3706.56,13148.38,3962.1,18005.27,41.86,
273,KARNATAKA,Uttar kannada,21200.73,3598.95,24799.68,3865.27,36644.77,40.19,
274,KARNATAKA,Vijayapura,30057.84,3468.86,33526.7,4078.24,14772.62,68.55,
275,KARNATAKA,Yadgir,12366.11,1663.79,14029.9,2397.36,26579.59,33.94,
276,KERALA,Alappuzha,3982.61,9682.15,13664.76,9505.93,26891.33,33.78,
277,KERALA,Ernakulam,8862.61,13032.27,21894.88,14348.58,26741.34,43.83,
278,KERALA,Idukki,6295.75,4570.29,10866.04,4557.61,7747.6,58.38,
279,KERALA,Kannur,8888.11,9897.26,18785.37,10553.89,21812.71,45.54,
280,KERALA,Kasargod,16450.76,6306.82,22757.58,6998.24,5176.3,79.64,
281,KERALA,Kollam,5351.11,11115.17,16466.28,12810.14,15132.31,49.46,
282,KERALA,Kottayam,5243.1,8360.61,13603.71,9246.09,22964.75,36.32,
283,KERALA,Kozhikode,5078.46,12751.12,17761.63,14217.51,11315.67,58.02,
284,KERALA,Malappuram,10113.27,21514.11,31627.38,25499.12,11440.78,67.22,
285,KERALA,Palakkad,19420.79,13961.64,33238.72,14432.82,25106.52,56.2,
286,KERALA,Pathanamthitta,3927.38,5521.15,9448.53,5521.15,16134.7,36.93,
287,KERALA,Thiruvananthapuram,5429.26,11786.54,17215.8,12174.05,9367.15,63.83,
288,KERALA,Thrissur,21348.86,12707.24,34056.1,13456.22,24243.27,57.67,
289,KERALA,Wayanad,1665.46,4012.15,5677.61,3806.21,17374.67,24.51,
290,MADHYAPRADESH,Agar,37652.02,1497.51,39149.53,1746.16,5474.79,92.84,
291,MADHYAPRADESH,Alirajpur,5781.41,2446.14,8227.55,2374.84,9755.98,45.01,
292,MADHYAPRADESH,Anuppur,1307,1447,2754,1469,31556.42,7.97,
293,MADHYAPRADESH,Ashoknagar,20075.63,1790.3,21865.93,1907.83,17569.99,54.91,
294,MADHYAPRADESH,Balaghat,11760.05,3528.95,15289,3986,73242.72,17.08,
295,MADHYAPRADESH,Barwani,35659.06,3334.2,38993.26,3620.9,31065.73,55.09,
296,MADHYAPRADESH,Betul,65907.71,3078.94,68986.65,3380.83,49921.41,57.65,
297,MADHYAPRADESH,Bhind,23214.79,2811.95,26026.74,3480.21,45202.07,35.99,
298,MADHYAPRADESH,Bhopal,23462,2493,25955,2493,10672.05,70.15,
299,MADHYAPRADESH,Burhanpur,22765.41,1437.19,24202.6,1590.32,11442.06,67.2,
300,MADHYAPRADESH,Chhatarpur,57599.96,3173.96,60773.92,3499.38,36917.6,61.7,
301,MADHYAPRADESH,Chhindwara,58651,3924,62575,4272,49840.19,55.2,
302,MADHYAPRADESH,Damoh,19581.66,2697.66,22279.32,3113.47,15183.69,58.2,
303,MADHYAPRADESH,Datia,12584.03,1371.07,13955.1,1454.96,20503.11,40.16,
304,MADHYAPRADESH,Dewas,62446.51,3879.09,66325.6,4119.22,14017.33,84.23,
305,MADHYAPRADESH,Dhar,73000.19,4988.38,77988.57,5934.85,40215.09,68.88,
306,MADHYAPRADESH,Dindori,2076,1633,3709,1908,32179.1,10.19,
307,MADHYAPRADESH,Guna,43898.77,2226.02,46124.79,2672.3,36508.8,55.3,
308,MADHYAPRADESH,Gwalior,18890.59,3457.59,22348.18,4202,51225.77,29.86,
309,MADHYAPRADESH,Harda,13795,1107,14902,1199,32971.95,30.96,
310,MADHYAPRADESH,Hoshangabad,39817,1863,41680,2277,144408.55,22.31,
311,MADHYAPRADESH,Indore,57544,6597,64141,7098,3143.9,116.63,
312,MADHYAPRADESH,Jabalpur,25607,2773,28380,2980,37820.05,42.47,
313,MADHYAPRADESH,Jhabua,10039.47,2682.79,12722.26,2870.1,8918.97,57.23,
314,MADHYAPRADESH,Katni,13957,2507,16464,3318,17733.95,46.53,
315,MADHYAPRADESH,Khandwa,40713.16,2650.66,43364.22,3334.75,56620.06,42.91,
316,MADHYAPRADESH,Khargone,42281.12,3904.13,46185.25,4547.41,79300.92,36.45,
317,MADHYAPRADESH,Mandla,6430,2437.3,8867.3,2835.51,40278.84,17.77,
318,MADHYAPRADESH,Mandsaur,57087.86,3156.84,60244.7,3660.06,1695.81,103.22,
319,MADHYAPRADESH,Morena,19604,4620,24224,9536,38280.96,35.56,
320,MADHYAPRADESH,Narsinghpur,72389.65,2112.12,74501.77,2232.21,42674.61,63.34,
321,MADHYAPRADESH,Neemuch,34006.48,1742.04,35748.52,1876.26,4738.5,87.44,
322,MADHYAPRADESH,Panna,14259.89,2150.97,16410.86,2721.22,27661.66,36.5,
323,MADHYAPRADESH,Raisen,40757.16,3639.12,44396.28,3835.69,39725.05,52.31,
324,MADHYAPRADESH,Rajgarh,66974.15,3565.53,70539.68,3666.63,13335.78,83.47,
325,MADHYAPRADESH,Ratlam,99287.2,3135.97,102423.17,4613.04,2764.17,126.63,
326,MADHYAPRADESH,Rewa,21734.56,4848.06,26582.62,4663.29,31918.09,45.02,
327,MADHYAPRADESH,Sagar,56953.05,3362.69,60315.74,4987.42,41001.45,58.31,
328,MADHYAPRADESH,Satna,37639.1,4221.07,41860.17,4676.97,18470.1,68.15,
329,MADHYAPRADESH,Sehore,41495.49,2369.69,43865.18,2813.85,26180.08,61.92,
330,MADHYAPRADESH,Seoni,25682,2987,28669,3195,45066.65,38.54,
331,MADHYAPRADESH,Shahdol,2681.56,2081.44,4763,2182.44,47552.22,9.03,
332,MADHYAPRADESH,Shajapur,55071.97,1989.06,57061.03,2117.11,3557.82,102.52,
333,MADHYAPRADESH,Sheopur,15637.03,1739.31,17376.34,1654.47,30769.49,35.96,
334,MADHYAPRADESH,Shivpuri,47078.63,3753,50831.63,4097.81,21722.3,69.2,
335,MADHYAPRADESH,Sidhi,6948.3,2515.7,9464,2632.73,22301.17,29.34,
336,MADHYAPRADESH,Singrauli,8283.15,2189.75,10472.9,2052.44,26568.13,28.13,
337,MADHYAPRADESH,Tikamgarh,33793.39,3619.96,37413.35,5606.97,11343.48,72.95,
338,MADHYAPRADESH,Ujjain,85334.3,3241.58,88575.88,6368.19,9098.42,98.35,
339,MADHYAPRADESH,Umaria,4059.1,1366.7,5425.8,1426.4,39120.06,12.11,
340,MADHYAPRADESH,Vidisha,49331.56,3133.11,52464.67,3803.35,34950.75,59.24,
341,MAHARASHTRA,Ahmednagar,114971.91,5602.46,120574.37,6267.86,38775.64,79.45,
342,MAHARASHTRA,Akola,21286.27,2347.5,23633.76,3180.88,12853.2,59.9,
343,MAHARASHTRA,Amravati,75242.92,2404.9,77647.82,2860.54,18434.15,88.31,
344,MAHARASHTRA,Aurangabad,68437.74,3479.85,71917.59,13706.17,15728.53,73.48,
345,MAHARASHTRA,Beed,67596.39,4177.29,71773.68,12137.51,39590.95,60.15,
346,MAHARASHTRA,Bhandara,20990.98,3521.3,24512.27,3817.34,60731.32,28.66,
347,MAHARASHTRA,Buldhana,58983.5,3106.29,62089.78,3817.05,23043.24,74.28,
348,MAHARASHTRA,Chandrapur,10637,10228.01,20865.01,11247.56,86024.26,19.34,
349,MAHARASHTRA,Dhule,34545.18,1786.61,36331.79,6129.71,27103.92,53.6,
350,MAHARASHTRA,Gadchiroli,19177.22,3643.47,22820.69,4187.79,77233.95,22.68,
351,MAHARASHTRA,Gondia,9398.54,5985.11,15383.64,6538.2,46068.04,24.81,
352,MAHARASHTRA,Hingoli,37052.52,2163.03,39215.55,7408.27,29356.05,53.13,
353,MAHARASHTRA,Jalgaon,100695.03,4880.25,105575.29,15343.12,20161.03,80.63,
354,MAHARASHTRA,Jalna,42433.06,1360.75,43793.81,3919.76,33882.56,54.58,
355,MAHARASHTRA,Kolhapur,49557.12,1751.76,51308.88,1997.01,70530.02,42.03,
356,MAHARASHTRA,Latur,34270.64,2142.34,36412.97,4126.61,27018.98,55.67,
357,MAHARASHTRA,Nagpur,35642.88,10318.95,45961.83,10660.92,43300.72,51.29,
358,MAHARASHTRA,Nanded,34916.94,3270.07,38187,9328.19,69718.04,33.51,
359,MAHARASHTRA,Nandurbar,17590.86,3064.69,20655.56,11934.88,17941.71,43.56,
360,MAHARASHTRA,Nashik,104572.27,3518.53,108090.8,8578.07,76211,58.23,
361,MAHARASHTRA,Osmanabad,48461.89,2305.61,50767.51,6232.84,26268.67,62.7,
362,MAHARASHTRA,Palghar,3703.08,885.36,4588.44,4301.93,13311.58,21.53,
363,MAHARASHTRA,Parbhani,35761.68,1984.28,37745.96,9619.29,34333.14,47.35,
364,MAHARASHTRA,Pune,118190.27,8249.73,126440,10714.46,52295.08,72.1,
365,MAHARASHTRA,Raigad,4205.89,2156.34,6362.23,5749.76,27475.71,17,
366,MAHARASHTRA,Ratnagiri,5064.58,1261.81,6326.39,1599.94,34388.3,15.39,
367,MAHARASHTRA,Sangli,69493.03,3338.34,72831.37,6938.32,50768.5,58.88,
368,MAHARASHTRA,Satara,57746.57,4829.8,62576.37,5505.9,31168.68,66.27,
369,MAHARASHTRA,Sindhudurg,7030.04,2232.75,9262.78,2411.36,14001.05,39.51,
370,MAHARASHTRA,Solapur,102711.83,4862.7,107574.53,5642.17,34029.08,78.37,
371,MAHARASHTRA,Thane,2348.32,706.24,3054.56,1404.17,12898.65,18.34,
372,MAHARASHTRA,Wardha,39911.98,3472.72,43384.7,3698.33,35457.78,54.87,
373,MAHARASHTRA,Washim,29499.37,2005.3,31504.67,2473.89,20926.03,59.56,
374,MAHARASHTRA,Yawatmal,28111.93,5752.54,33864.46,15018.53,70167.01,29.82,
375,MANIPUR,Bishnupur,57.19,23.95,81.14,695.87,6593.14,1.1,
376,MANIPUR,Chandel,0,0,0,0,0,0,
377,MANIPUR,Churachandpur,75.25,19.96,95.21,407.46,4469.48,1.92,
378,MANIPUR,Imphal East,6.02,27.98,34,812.55,2657.28,0.97,
379,MANIPUR,Jiribam,27.09,26.95,54.04,254.69,6669.4,0.78,
380,MANIPUR,Imphal West,105.35,60.89,166.24,1212.03,6532.92,2.12,
381,MANIPUR,Senapati,0,0,0,0,0,0,
382,MANIPUR,Tamenglong,0,0,0,0,0,0,
383,MANIPUR,Thoubal,90.3,35.93,126.23,634.02,7368.31,1.56,
384,MANIPUR,Ukhrul,0,0,0,0,0,0,
385,MEGHALAYA,East Garo Hills,0,20.42,20.42,40.84,4308.97,0.47,
386,MEGHALAYA,East Jaintia Hills,0,54.01,54.01,108.02,16130.89,0.33,
387,MEGHALAYA,East Khasi Hills,0,234.61,234.61,469.22,9089.78,2.45,
388,MEGHALAYA,North Garo Hills,51,24.3,75.3,48.6,14250.1,0.52,
389,MEGHALAYA,Ri-Bhoi,0,65.55,65.55,131.1,11474.01,0.56,
390,MEGHALAYA,South Garo Hills,0,9.32,9.32,18.65,9118.2,0.1,
391,MEGHALAYA,South West Garo Hills,2655.4,127.82,2783.22,255.64,9637.06,22.18,
392,MEGHALAYA,South West Khasi Hills,0,9.01,9.01,18.02,11544.44,0.08,
393,MEGHALAYA,West Garo Hills,102,312.77,414.77,625.54,28638.37,1.41,
394,MEGHALAYA,West Jaintia Hills,5,54.33,59.33,108.66,14836.55,0.4,
395,MEGHALAYA,West Khasi Hills,0,14,14,28,30068.4,0.05,
396,MIZORAM,Aizawl,0,192.94,192.94,272.27,1126.44,13.79,
397,MIZORAM,Champhai,0,43.89,43.89,63.44,1310.51,3.19,
398,MIZORAM,Kolasib,0,29.66,29.66,42.46,1740.44,1.66,
399,MIZORAM,Lawngtlai,0,94.59,94.59,144.98,3436.38,2.64,
400,MIZORAM,Lunglei,0,192.64,192.64,247.82,4906.03,3.74,
401,MIZORAM,Mamit,0,92.39,92.39,159.87,4074.4,2.18,
402,MIZORAM,Saiha,0,39.05,39.05,59.69,676.18,5.31,
403,MIZORAM,Serchhip,0,46.72,46.72,69.22,822.53,5.24,
404,NAGALAND,Dimapur,208.84,754.54,963.38,893.85,10762.93,8.12,
405,NAGALAND,Kiphire,0,13.62,13.62,9.93,6151.43,0.22,
406,NAGALAND,Kohima,0,203.84,203.84,237.15,19369.51,1.04,
407,NAGALAND,Longleng,0,27.69,27.69,8.37,5414.99,0.51,
408,NAGALAND,Mokokchung,0,78.37,78.37,65.73,24700.24,0.32,
409,NAGALAND,Mon,0,204.59,204.59,195.43,23526.38,0.86,
410,NAGALAND,Peren,0,88.15,88.15,90.58,19383.25,0.45,
411,NAGALAND,Phek,0,38.42,38.42,40.15,22923.99,0.17,
412,NAGALAND,Tuenchung,0,88.78,88.78,91.99,25963.53,0.34,
413,NAGALAND,Wokha,0,182.16,182.16,181.48,27728.2,0.65,
414,NAGALAND,Zunheboto,0,71.12,71.12,63.73,10383.82,0.68,
415,ODISHA,Angul,19842.55,4982.47,24825.02,4697.2,29220.51,45.38,
416,ODISHA,Balasore,60553.21,6736.43,67289.64,6581.45,43553.47,60.31,
417,ODISHA,Bargarh,25229.32,4659.88,29889.2,4761.11,31778.72,48.16,
418,ODISHA,Bhadrak,24476.62,2856.88,27333.5,2812.17,17021.46,61.25,
419,ODISHA,Bolangir,19884.28,5165.1,25049.38,5860.02,30128.74,44.66,
420,ODISHA,Boudh,8556.26,1323.47,9879.73,1448.91,12046.19,44.72,
421,ODISHA,Cuttack,20894.68,7945.13,28839.81,8172.34,38600.7,42.27,
422,ODISHA,Deogarh,13300.93,1022.22,14323.15,1016.85,14370.55,49.73,
423,ODISHA,Dhenkanal,12266.54,3802.23,16068.77,3844.81,26560,37.4,
424,ODISHA,Gajapati,4790.63,1717.81,6508.44,1747.94,14145.09,31.3,
425,ODISHA,Ganjam,22434.96,11596.69,34031.65,11638.12,50525.16,39.55,
426,ODISHA,Jagatsinghpur,21174.49,2795.36,23969.85,2665.69,17567.72,57.23,
427,ODISHA,Jajpur,27047.91,4823.68,31871.59,4957.19,20011.26,60.94,
428,ODISHA,Jharsuguda,5616.27,3040.07,8656.34,2555.33,11012.9,43.27,
429,ODISHA,Kalahandi,17276.44,5239.02,22515.46,5180.35,41249.61,34.95,
430,ODISHA,Kandhamal,6731.75,2376.84,9108.59,2382.33,25929.07,25.83,
431,ODISHA,Kendrapara,9202.83,1235.57,10438.4,1195.19,5445.19,65.29,
432,ODISHA,Keonjhar,27433.48,6075.21,33508.69,6421.27,49577.54,39.95,
433,ODISHA,Khurda,15210.85,6594.56,21805.41,8087.01,20838.37,49.4,
434,ODISHA,Koraput,5783.31,4861.89,10645.2,4701.62,36363.49,22.36,
435,ODISHA,Malkangiri,2986.82,1862.76,4849.58,2184.19,25047.83,16.05,
436,ODISHA,Mayurbhanj,46923.16,8073.91,54997.07,8111.55,85712.48,38.85,
437,ODISHA,Nabarangapur,12771.4,3663.88,16435.28,4042.69,38779.13,29.49,
438,ODISHA,Nayagarh,10536.22,2962.9,13499.12,3527.7,22910.73,36.51,
439,ODISHA,Nuapada,14266.04,1622.35,15888.39,1984.67,13893.34,52.53,
440,ODISHA,Puri,25029.95,4683.79,29713.74,5179.07,30908.76,48.62,
441,ODISHA,Rayagada,5235.67,3443.74,8679.41,3139.09,19881.98,30.02,
442,ODISHA,Sambalpur,12173.9,3906.98,16080.88,3313.07,44431.32,26.45,
443,ODISHA,Subarnapur,9548.8,1834.7,11383.5,1958.18,14907.18,43,
444,ODISHA,Sundargarh,21044.28,7637.43,28681.71,6259.93,52231.44,35.16,
445,PUNJAB,Amritsar,217950.26,10013.86,227964.11,13357.08,0,147.61,
446,PUNJAB,Barnala,119753.01,2339.71,122092.72,3217.1,0,210.8,
447,PUNJAB,Bathinda,132148.5,5484.07,137632.57,7492.95,21994.43,97.54,
448,PUNJAB,Faridkot,96432.07,4746.44,101178.51,3334.25,0,167.24,
449,PUNJAB,Fatehgarh Sahib,112087.21,3162.43,115249.64,3189.78,0,207.55,
450,PUNJAB,Fazilka,87076.15,4610.6,91686.75,6121.7,24647.38,99.21,
451,PUNJAB,Ferozepur,199649.69,3175.54,202825.23,4203.04,0,163.98,
452,PUNJAB,Gurdaspur,202477.32,7063.91,209541.23,8274.65,738.04,134.24,
453,PUNJAB,Hoshiarpur,84889.62,7230.48,92120.11,9442.17,10553.3,107.2,
454,PUNJAB,Jalandhar,268432.93,12263.94,280696.87,16316.9,0,239.16,
455,PUNJAB,Kapurthala,151500.35,5419.14,156919.49,4165.23,0,223.75,
456,PUNJAB,Ludhiana,338377.09,16329.8,354706.89,17768.76,0,182.94,
457,PUNJAB,Mansa,145381.42,16.01,145397.43,0,145.77,141.44,
458,PUNJAB,Moga,243449.7,3651.08,247100.78,5020.23,0,229.47,
459,PUNJAB,Mohali,23692.53,7176.65,30869.18,5023.46,2048.07,119.5,
460,PUNJAB,Muktsar,51943.88,2704.84,54648.72,0,19645.96,74.35,
461,PUNJAB,Nawanshahar,71052.69,2402.25,73454.94,3129.58,6616.5,116.09,
462,PUNJAB,Pathankot,18741.52,2900.31,21641.83,3436.66,14633.61,76.03,
463,PUNJAB,Patiala,290318.74,7139.13,297457.87,9639.34,0,216.82,
464,PUNJAB,Ropar,44000.27,3625.42,47625.69,3481,7896.77,117.39,
465,PUNJAB,Sangrur,368502.31,6128.98,374631.29,8427.35,0,260,
466,PUNJAB,Tarn Taran,188607.13,4186.78,192793.91,5705.72,0,152.91,
467,RAJASTHAN,Ajmer,48623.83,4978.53,53602.36,6721.01,0,149.17,
468,RAJASTHAN,Alwar,133272.65,15523.23,148795.88,20801.13,0,192.6,
469,RAJASTHAN,Banswara,8478.74,2047.09,10525.83,2776.19,7699.23,55.53,
470,RAJASTHAN,Baran,52215.36,5754.77,57970.13,10087.08,5458.8,118.71,
471,RAJASTHAN,Barmer,29153.67,5130.98,34284.65,6926.82,1111.73,124.26,
472,RAJASTHAN,Bharatpur,42957.44,6946.86,49904.3,9164.32,0,119.87,
473,RAJASTHAN,Bhilwara,71234.43,4140.45,75374.88,5589.6,0,138.65,
474,RAJASTHAN,Bikaner,33254.17,7780.14,41034.31,10097.11,3056.66,170.28,
475,RAJASTHAN,Bundi,37377.47,2621.85,39999.33,3539.5,11977.46,84.43,
476,RAJASTHAN,Chittaurgarh,71489.31,1557.33,73046.64,2102.4,0,139.19,
477,RAJASTHAN,Churu,10251.14,2507.38,12758.51,3359.88,1700.28,110.28,
478,RAJASTHAN,Dausa,38362.34,2442.62,40804.96,3586.91,0,176.47,
479,RAJASTHAN,Dhaulpur,27560.32,2977.89,30538.21,4020.15,915.27,125.37,
480,RAJASTHAN,Dungarpur,8043.55,803.94,8847.49,1085.32,4337.56,65.7,
481,RAJASTHAN,Ganganagar,15048.98,701.4,15750.38,946.89,24928.04,38.49,
482,RAJASTHAN,Hanumangarh,11596.72,804.3,12401.02,1092.42,6364.93,65.11,
483,RAJASTHAN,Jaipur,127627.58,30581.96,158209.54,41285.64,0,219.83,
484,RAJASTHAN,Jaisalmer,15320.95,2507.25,17828.21,3384.79,0,292.85,
485,RAJASTHAN,Jalor,80857.75,4419.6,85277.35,5966.46,1226.27,177.54,
486,RAJASTHAN,Jhalawar,48876.38,2379.16,51255.53,3211.86,3106.9,100.23,
487,RAJASTHAN,Jhunjhunun,36766.57,8484.85,45251.41,11454.55,0,217.71,
488,RAJASTHAN,Jodhpur,71755.44,15050.92,86806.36,20318.74,2908.99,218.6,
489,RAJASTHAN,Karauli,51625.62,5115.96,56741.58,6855.39,202.68,158.28,
490,RAJASTHAN,Kota,46949.05,6564.63,53513.68,8862.25,3723.78,103.43,
491,RAJASTHAN,Nagaur,86573.31,14578.75,101152.06,19681.32,631.27,193.99,
492,RAJASTHAN,Pali,54088.68,3093.54,57182.22,4176.28,1022.26,125.52,
493,RAJASTHAN,Pratapgarh,22976.94,519.51,23496.45,701.34,886.18,122.55,
494,RAJASTHAN,Rajsamand,10550.75,1727.95,12278.7,2332.73,0,121.4,
495,RAJASTHAN,Sawai Madhopur,49878.33,10646.89,60525.22,14266.83,0,134.55,
496,RAJASTHAN,Sikar,41094.91,8435.53,49530.44,17380.95,342.71,177.58,
497,RAJASTHAN,Sirohi,31618.65,1387.52,33006.17,1873.15,1618.03,104.25,
498,RAJASTHAN,Tonk,31884.16,7598.61,39482.76,10258.12,2833.47,94.58,
499,RAJASTHAN,Udaipur,37258.03,2616.28,39874.31,3531.98,1960.28,101.35,
500,SIKKIM,East District,0,45.74,45.74,653.35,44347.94,0.1,
501,SIKKIM,South District,0,41.66,41.66,340.83,6979.22,0.57,
502,SIKKIM,North District,0,0,0,100.7,78863.29,0,
503,SIKKIM,West District,0,0,0,316.58,20537.83,0,
504,TAMILNADU,Ariyalur,14306.59,2217.8,16524.39,2301.58,21546.61,43.31,
505,TAMILNADU,Chennai,0,2846.77,2846.77,3045.47,0,171.88,
506,TAMILNADU,Coimbatore,39432.61,5130.64,44563.24,5695,1818.67,121.85,
507,TAMILNADU,Cuddalore,55604.58,34020.92,89625.49,34392.54,60231.3,61.73,
508,TAMILNADU,Dharmapuri,43580.17,3476.56,47056.73,3951.46,3028.7,125.9,
509,TAMILNADU,Dindigul,61201.69,2490.36,63692.05,3004.35,10121.92,110.57,
510,TAMILNADU,Erode,56158.22,6029.53,62187.75,6446.14,8914.94,99.04,
511,TAMILNADU,Kancheepuram,56417.67,5083.98,61501.65,7080.3,31540.05,66.68,
512,TAMILNADU,Kanyakumari,3915.99,2098.06,6014.04,2668.04,17007.89,25.49,
513,TAMILNADU,Karur,27539.31,1040.44,28579.75,1197.13,4896.65,102.36,
514,TAMILNADU,Krishnagiri,32871.87,11426.85,44298.71,12989.94,5320.71,117.81,
515,TAMILNADU,Madurai,37941.26,3751.8,41693.06,4469.3,19842.05,69.7,
516,TAMILNADU,Nagapattinam,14444.18,959.81,15403.98,1042.72,754.01,135.92,
517,TAMILNADU,Namakkal,45909.19,2194.58,48103.77,2394.94,3343.65,135.19,
518,TAMILNADU,Nilgiris,572,533.38,1105.38,599.48,7481.07,12.78,
519,TAMILNADU,Peramabalur,24784.28,1166.93,25951.21,1266.5,2442.55,120.44,
520,TAMILNADU,Pudukottai,41329.75,1842.09,43171.84,2029.05,48846.22,46.82,
521,TAMILNADU,Ramanathapuram,5741.16,1403.53,7144.69,1671.89,47954.27,12.9,
522,TAMILNADU,Salem,67012.62,4858.81,71871.43,6533.46,4144.87,145.76,
523,TAMILNADU,Sivagangai,14856.57,1415.74,16272.31,1701.49,73013.15,18.17,
524,TAMILNADU,Thanjavur,78884.05,2407.42,81291.47,2642.72,6711.2,109.89,
525,TAMILNADU,Theni,28293.8,754.21,29048.01,898.47,10145.94,74.56,
526,TAMILNADU,Thiruppur,47882.48,3326.15,51208.63,3612.97,1886.65,120.49,
527,TAMILNADU,Thiruvallur,32107.97,24935.31,57043.28,25825.33,27100.09,69.71,
528,TAMILNADU,Thoothukudi,19781.45,1528.97,21310.42,1878.34,28938.53,43.03,
529,TAMILNADU,Tirunelveli,58482.78,2005.54,60488.31,2384.02,40445.45,64.62,
530,TAMILNADU,Tiruvannamalai,102551.85,10053.18,112605.02,11426.44,3654.01,110.93,
531,TAMILNADU,Tiruvarur,21088.85,1283.63,22372.48,1376.07,5801.64,88.26,
532,TAMILNADU,Trichy,48016.29,7393.62,55409.92,7636.94,17031.14,89.56,
533,TAMILNADU,Vellore,53587.85,12860.05,66447.9,14528.1,5438.81,117.79,
534,TAMILNADU,Villupuram,139172.92,5012.25,144185.17,5690.54,26278.65,91.21,
535,TAMILNADU,Viruthunagar,32267.95,1893.62,34161.57,2372.19,20007.23,65.11,
536,TELANGANA,Adilabad,13717.99,2896.41,16614.32,3761,9151.28,63.24,
537,TELANGANA,Bhadradri Kothagudem,16405.4,3529.38,19934.44,4199.98,53451.64,26.92,
538,TELANGANA,Hyderabad,0,14164.39,14164.39,25834.22,0,341.48,
539,TELANGANA,Jagtial,26861.89,4360.86,31222.75,5525.35,12204.45,73.68,
540,TELANGANA,Jangaon,25735.52,2052.77,27792.83,2053.15,2586.98,92.35,
541,TELANGANA,Jayashankar Bhupalapally,29076.75,2014.56,31091.3,2825.46,27418.25,52.67,
542,TELANGANA,Jogulamba Gadwal,8141.88,527.12,8669,1211.4,9433.47,46.14,
543,TELANGANA,Kamareddy,34151,1842,35993,3316,9169,77.18,
544,TELANGANA,Karimnagar,22993.35,1972.42,24965.77,3374.54,7124.14,75.29,
545,TELANGANA,Khammam,34172.06,3942.95,38115.01,5015,21943.88,64.73,
546,TELANGANA,Komarambhem Asifabad,5321,2016,7337,2337,24694,22.68,
547,TELANGANA,Mahabubabad,26071.31,2814.34,28885.65,3409.35,11062.07,72.07,
548,TELANGANA,Mahabubnagar,28684,3633,32317,4214,14472,68.31,
549,TELANGANA,Mancherial,20352.31,1629.29,21981.6,2622.65,30605.99,41.03,
550,TELANGANA,Medak,23699,909,24608,2791,12078,63.8,
551,TELANGANA,Medchal Malkajgiri,2772.21,4514.07,7286,4968,882.52,93.98,
552,TELANGANA,Nagarkurnool,27430.42,4394.34,31824.76,5098.42,15762.08,65.9,
553,TELANGANA,Nalgonda,49929,5991,55920,7981,19150,74.24,
554,TELANGANA,Nirmal,16670,2048,18718,2273,31524,37.09,
555,TELANGANA,Nizamabad,51289,5207,56495,6039,18336,75.44,
556,TELANGANA,Peddapalli,19149.09,1715.06,20864.15,2863.19,17936.8,52.23,
557,TELANGANA,Rajanna Sircilla,18435.91,1561.93,19997.84,1880.77,4584.19,82.21,
558,TELANGANA,Rangareddy,25165.12,5715.91,30881.04,6601.16,6309.26,81.29,
559,TELANGANA,Sangareddy,23411.78,3464.26,26876.41,5886.81,10038.84,70.6,
560,TELANGANA,Siddipet,39812.83,3795.41,43608.24,4271.95,3291.51,93.76,
561,TELANGANA,Suryapet,27842.01,2726.72,30568.73,4321.7,17901.49,61.26,
562,TELANGANA,Vikarabad,15629,2995,18624,3745,13695,56.32,
563,TELANGANA,Wanaparthy,10013.16,1522.52,11535.68,2063.24,5123.99,67.07,
564,TELANGANA,Warangal Rural,25537.9,2046.24,27584.14,2884.13,4849.78,86.15,
565,TELANGANA,Warangal Urban,17145,1195,18340,2276,3373,90.94,
566,TELANGANA,Yadadri Bhongiri,23742,2838,26580,3801,7907.24,74.98,
567,TRIPURA,Dhalai,40.8,847.78,888.58,1307.6,16236.22,5.05,
568,TRIPURA,Gomati,84.61,828.98,913.59,1172.97,18890.73,4.53,
569,TRIPURA,Khowai,306.6,611.84,918.44,819.27,9688.6,8.49,
570,TRIPURA,North Tripura,32.4,909.5,941.9,1339.77,9446.63,8.71,
571,TRIPURA,Sepahijala,704.05,950.89,1654.94,1296.91,14790.79,9.86,
572,TRIPURA,South Tripura,172.07,876.34,1048.41,1202.16,16724.65,5.79,
573,TRIPURA,Unakoti,4.81,606.38,611.19,887.3,11776.27,4.82,
574,TRIPURA,West Tripura,624.28,2157.91,2782.19,2645.7,13695.47,16.4,
575,UTTARPRADESH,Agra,83464.26,7654.2,91118.45,8902.22,8384.66,107.5,
576,UTTARPRADESH,Aligarh,51082.36,10220.91,61303.27,13875.03,29381.42,68.86,
577,UTTARPRADESH,Ambedkar Nagar,50783.94,5534.13,56318.07,7389.75,16528.64,75.39,
578,UTTARPRADESH,Amethi,43561.74,4437.78,47999.52,5194.13,26334.5,63.92,
579,UTTARPRADESH,Amroha,44832.01,4357.04,49189.05,5114.79,2671.09,104.58,
580,UTTARPRADESH,Auraiya,28326.2,3224.37,31550.57,3546.75,31411.54,49.86,
581,UTTARPRADESH,Ayodhya,50701.6,6328.9,57030.5,7661.81,27936.56,66.08,
582,UTTARPRADESH,Azamgarh,66875.61,12123.66,78999.27,14560.07,40274.16,64.91,
583,UTTARPRADESH,Bagpat,32572.1,2495.67,35067.77,3131.67,3767.36,92.84,
584,UTTARPRADESH,Bahraich,51267.29,8747.66,60014.95,10318.62,52858.97,52.44,
585,UTTARPRADESH,Ballia,45675.11,7339.63,53014.74,8646.49,29101.36,63.55,
586,UTTARPRADESH,Balrampur,40778.51,5488.45,46266.96,6617.41,43142.89,51.1,
587,UTTARPRADESH,Banda,36116.28,4037.47,40153.75,6187.92,17304.3,67.36,
588,UTTARPRADESH,Barabanki,101396.2,8130.32,109526.52,9530.21,54457.15,66.23,
589,UTTARPRADESH,Bareilly,71803.57,13565.18,85368.75,15900.71,43777.07,66.95,
590,UTTARPRADESH,Basti,41045.45,5990.56,47036.01,6821.05,23754.84,65.67,
591,UTTARPRADESH,Bijnor,86514.45,7299.21,93813.66,8279,42652.39,68.8,
592,UTTARPRADESH,Budaun,52041.7,7754.47,59796.17,9007.92,14540.14,80.85,
593,UTTARPRADESH,Bulandshahar,135089.69,6574.67,141664.36,8780,21867.06,89.48,
594,UTTARPRADESH,Chandauli,22462.29,4283.15,26745.44,4856.29,25762.47,50.39,
595,UTTARPRADESH,Chitrakoot,27475.14,2502.4,29977.54,3974.9,5202.74,81.79,
596,UTTARPRADESH,Deoria,39430.31,7668.38,47098.68,9055.26,24193.96,64.8,
597,UTTARPRADESH,Etah,41770.55,4283.97,46054.52,4814.22,10604.68,80.53,
598,UTTARPRADESH,Etawah,27552.56,3215.51,30768.07,3679.42,47848.95,38.91,
599,UTTARPRADESH,Farrukhabad,34226.52,3809.61,38036.13,4410.24,11972.71,75.16,
600,UTTARPRADESH,Fatehpur,97567.5,6615.37,104182.87,7821.05,43823.48,70.15,
601,UTTARPRADESH,Firozabad,72524.96,6154.17,78679.13,7084.82,9227.1,111.39,
602,UTTARPRADESH,G.B.Nagar,62501.84,3893.42,66395.26,4455.13,1646.99,109.66,
603,UTTARPRADESH,Ghaziabad,35693.32,11837.44,47530.76,17469.88,1339.6,128.36,
604,UTTARPRADESH,Ghazipur,50062,8272.48,58334.48,9550.87,31529.04,64,
605,UTTARPRADESH,Gonda,47157.64,8722.89,55880.53,10452.51,32720.27,61.86,
606,UTTARPRADESH,Gorakhpur,56120.27,10870.09,66990.36,12468.71,36127.16,63.97,
607,UTTARPRADESH,Hamirpur,28369.07,2571.54,30940.61,3056.95,11518.21,72.05,
608,UTTARPRADESH,Hapur,45976.1,3165.06,49141.16,4189,1300.77,107.34,
609,UTTARPRADESH,Hardoi,95005.91,8745.11,103751.02,10082,66192.41,60.57,
610,UTTARPRADESH,Hathras,52158.42,3773.39,55931.81,4236.67,6492.45,101.49,
611,UTTARPRADESH,Jalaun,48282.6,4039.72,52322.32,5440.99,52359.23,49.32,
612,UTTARPRADESH,Jaunpur,99366.93,12067.34,111434.27,14055.4,35310.72,76.55,
613,UTTARPRADESH,Jhansi,39230.56,2926.59,42157.15,3462.67,42215.07,49.65,
614,UTTARPRADESH,Kannauj,39762.58,4021.25,43783.83,4637.87,26764.71,66.53,
615,UTTARPRADESH,Kanpur Dehat,58668.52,3995.08,62663.6,4372.33,26042.2,70.34,
616,UTTARPRADESH,Kanpur Nagar,59126.97,8238.31,67365.28,8984.33,18108.75,79.24,
617,UTTARPRADESH,Kasganj,38406.88,3611.03,42017.91,4261.66,15807.9,71.85,
618,UTTARPRADESH,Kaushambi,38065.54,4033.64,42099.18,4891.06,16554.35,71.18,
619,UTTARPRADESH,Kushi Nagar,60855.26,16997.71,77852.97,20279.44,49973.88,59.38,
620,UTTARPRADESH,Lakhimpur Kheri,115738.38,10605.16,126343.54,13291.22,94897.16,56.42,
621,UTTARPRADESH,Lalitpur,28703.37,2645.49,31348.86,5020.88,6295.53,78.33,
622,UTTARPRADESH,Lucknow,35690.03,13691.67,49381.7,16863.07,29458.24,65.34,
623,UTTARPRADESH,Mahoba,17674.5,1409.29,19083.79,1916.53,2934.78,87.77,
624,UTTARPRADESH,Mahrajganj,53160.56,6069.7,59230.26,7219.85,36351.01,61.23,
625,UTTARPRADESH,Mainpuri,55983.23,4191.23,60174.46,4724.41,27738.59,69.76,
626,UTTARPRADESH,Mathura,75651.09,5911.71,81562.8,6892.32,26381.65,77.57,
627,UTTARPRADESH,Maunath Bhanjan,27563.71,5657.89,33221.6,6881.18,18538.21,62.7,
628,UTTARPRADESH,Meerut,49980.17,10448.4,60428.57,11895.54,15185.07,84.01,
629,UTTARPRADESH,Mirzapur,24703.63,6083.17,30786.8,7051.49,18300.46,61.51,
630,UTTARPRADESH,Moradabad,48160.81,10462.85,58623.66,14277.47,8496.81,89.34,
631,UTTARPRADESH,Muzaffarnagar,70542,6353.51,76895.51,7184.12,30817.63,71.52,
632,UTTARPRADESH,Pilibhit,57893.86,4952.6,62846.46,5642.25,63373.6,49.52,
633,UTTARPRADESH,Pratapgarh,95709.82,7554.16,103263.98,8610.04,29417.57,80.24,
634,UTTARPRADESH,Prayagraj,86809.93,15266.54,102076.47,17557.6,43692.61,69.87,
635,UTTARPRADESH,Raibareli,60950.3,6415.82,67366.13,7568.83,44222,59.75,
636,UTTARPRADESH,Rampur,48930.24,4711.65,53641.89,5508.35,19063.37,75.15,
637,UTTARPRADESH,Saharanpur,137850.68,6727.41,144578.09,7637.3,6992.94,119.99,
638,UTTARPRADESH,Sambhal,33338.43,5121.15,38459.58,5989.36,3596.46,91.57,
639,UTTARPRADESH,Sant Kabir Nagar,23768.03,7443.55,31211.58,11252.39,11153.35,67.6,
640,UTTARPRADESH,Sant Ravidas Nagar,24716.29,3737.09,28453.38,4172.98,4356.39,85.59,
641,UTTARPRADESH,Shahjahanpur,65481.86,7660.66,73142.52,9201.28,45895.79,60.66,
642,UTTARPRADESH,Shamli,40899.32,3229.34,44128.66,3622.42,2146.67,109.26,
643,UTTARPRADESH,Shrawasti,24258.46,2860.64,27119.1,3461.23,20139.71,56.66,
644,UTTARPRADESH,Siddharth Nagar,47404.43,6559.72,53964.15,7920.2,31934.71,61.84,
645,UTTARPRADESH,Sitapur,107818.2,10106.98,117925.18,12058.26,77037.82,59.89,
646,UTTARPRADESH,Sonbhadra,9190.83,3768.39,12959.22,4545.89,9460.48,55.87,
647,UTTARPRADESH,Sultanpur,49392.88,5736.97,55129.85,6597.58,55868.1,49.29,
648,UTTARPRADESH,Unnao,100951.63,7760.66,108712.29,9223.46,66518.66,61.53,
649,UTTARPRADESH,Varanasi,38544.6,10075.51,48620.11,11156.49,5198.09,99.74,
650,UTTARAKHAND,Dehradun,7588.5,7155,14743.5,6731,38797.9,27.54,
651,UTTARAKHAND,Haridwar,49696.86,13602.8,63299.66,6828.76,32022.55,66.41,
652,UTTARAKHAND,Nainital,4820,3504.98,8324.98,3114.36,6362.34,56.68,
653,UTTARAKHAND,Udham Singh Nagar,68127.42,9886.9,78014.32,4929.28,47707.66,62.05,
654,WEST BENGAL,Coochbehar,42261.5,4447.27,46708.77,5988.25,188411.84,20,
655,WEST BENGAL,Jalpaiguri,8241.2,4395.75,12636.95,5908.97,264315.12,5,
656,WEST BENGAL,Darjeeling,1169.1,1478.05,2647.15,2012.74,43833.19,6,
657,WEST BENGAL,Uttar Dinajpur,78133.6,4811.27,82944.87,7569.33,47811.9,62,
658,WEST BENGAL,Dakshin Dinajpur,50706,2618.71,53324.71,3349.33,44780.76,54,
659,WEST BENGAL,Malda,59108.6,6392.43,65501.03,9828.37,67150.64,48,
660,WEST BENGAL,Murshidabad,186187,10286.71,196473.71,17323.82,22215.54,87,
661,WEST BENGAL,Nadia,179222.2,8117.25,187339.45,10601.16,14914.26,92,
662,WEST BENGAL,North 24-Parganas,84524.6,14404.77,98929.37,19035.91,46378.8,66,
663,WEST BENGAL,Howrah,4970,2356.32,7326.32,6038.57,18653.16,25,
664,WEST BENGAL,Hooghly,54601.8,7171.42,61773.22,10669.27,59850.52,49,
665,WEST BENGAL,Burdwan,94059.6,9608.01,103667.61,15762.29,127055.87,44,
666,WEST BENGAL,Birbhum,36191.8,3948.14,40139.94,7780.42,72601.72,34,
667,WEST BENGAL,Bankura,69980.27,4702.22,74682.48,7362.46,84426.38,46,
668,WEST BENGAL,Purulia,2232.8,4627.09,6859.89,6411.97,64079.31,9,
669,WEST BENGAL,Purba Medinipore,21562.4,3047.88,24610.28,4341.44,47367.42,34,
670,WEST BENGAL,Paschim Medinipore,110919.6,7943.15,118862.75,12907.78,205036.12,36,
671,A&N ISLAND,North & Middle Andaman,0.8,312.9,313.7,275.56,8549.52,3.52,
672,A&N ISLAND,Nicobar,0.44,109.08,109.52,96.15,16391.36,0.66,
673,A&N ISLAND,South Andaman,13.54,471.41,484.95,339.49,7190.64,6.27,
674,CHANDIGARH,UT of Chandigarh,58,3320,3378,3320,416,89,
675,Dadra & Nagar Haveli,Dadra & Nagar Haveli,750.46,1292.4,2042.86,1292.4,4475.73,31.34,
676,Daman,Daman,402,233,635,322,480,51.25,
677,Diu,Diu,327,59,386,82,6,91.04,
678,LAKSHADWEEP,Agatti,0,27.1,27.1,27.1,9.7,73.64,
679,LAKSHADWEEP,Amini,0,28.7,28.7,28.7,6.8,81.07,
680,LAKSHADWEEP,Androth,0,41.9,41.9,41.9,22.9,64.66,
681,LAKSHADWEEP,Chetlat,0,8.7,8.7,8.7,5.4,61.7,
682,LAKSHADWEEP,Kadmat,0,19.8,19.8,19.8,22.6,46.81,
683,LAKSHADWEEP,Kalpeni,0,16.4,16.4,16.4,14.5,53.07,
684,LAKSHADWEEP,Kiltan,0,15.1,15.1,15.1,7.4,67.11,
685,LAKSHADWEEP,Kavaratti,0,41.8,41.8,41.8,8.5,83.1,
686,LAKSHADWEEP,Minicoy,0,38.6,38.6,38.6,25.01,60.6,
687,Puducherry,Puducherry,10338,3632.5,13970.5,3652,0,101.99,
688,Puducherry,Karaikal,616.65,387.67,1004.32,404.52,5408.47,15.62,
689,Puducherry,Mahe,0,166,166,176.34,65.37,68.68,
